Name,Year,Count
Ashley,1880,8
Ashley,1881,6
Ashley,1882,7
Ashley,1883,9
Ashley,1884,6
Ashley,1885,13
Ashley,1886,14
Ashley,1887,10
Ashley,1888,7
Ashley,1890,12
Ashley,1891,8
Ashley,1892,12
Ashley,1893,10
Ashley,1894,17
Ashley,1895,10
Ashley,1896,10
Ashley,1897,17
Ashley,1898,5
Ashley,1899,7
Ashley,1900,5
Ashley,1901,10
Ashley,1902,14
Ashley,1903,7
Ashley,1904,11
Ashley,1905,10
Ashley,1906,13
Ashley,1907,7
Ashley,1908,9
Ashley,1909,10
Ashley,1910,7
Ashley,1911,16
Ashley,1912,23
Ashley,1913,31
Ashley,1914,42
Ashley,1915,47
Ashley,1916,48
Ashley,1917,50
Ashley,1918,42
Ashley,1919,59
Ashley,1920,43
Ashley,1921,47
Ashley,1922,53
Ashley,1923,47
Ashley,1924,46
Ashley,1925,57
Ashley,1926,45
Ashley,1927,50
Ashley,1928,37
Ashley,1929,39
Ashley,1930,26
Ashley,1931,35
Ashley,1932,30
Ashley,1933,22
Ashley,1934,32
Ashley,1935,34
Ashley,1936,36
Ashley,1937,31
Ashley,1938,32
Ashley,1939,27
Ashley,1940,49
Ashley,1941,60
Ashley,1942,79
Ashley,1943,68
Ashley,1944,65
Ashley,1945,67
Ashley,1946,78
Ashley,1947,78
Ashley,1948,79
Ashley,1949,66
Ashley,1950,72
Ashley,1951,65
Ashley,1952,82
Ashley,1953,69
Ashley,1954,94
Ashley,1955,89
Ashley,1956,87
Ashley,1957,92
Ashley,1958,113
Ashley,1959,117
Ashley,1960,144
Ashley,1961,207
Ashley,1962,209
Ashley,1963,236
Ashley,1964,291
Ashley,1965,337
Ashley,1966,373
Ashley,1967,522
Ashley,1968,711
Ashley,1969,835
Ashley,1970,1180
Ashley,1971,1427
Ashley,1972,1449
Ashley,1973,1676
Ashley,1974,2034
Ashley,1975,2407
Ashley,1976,2763
Ashley,1977,3288
Ashley,1978,4015
Ashley,1979,5034
Ashley,1980,8042
Ashley,1981,9548
Ashley,1982,15503
Ashley,1983,33886
Ashley,1984,39315
Ashley,1985,47509
Ashley,1986,50092
Ashley,1987,55262
Ashley,1988,50278
Ashley,1989,47964
Ashley,1990,45799
Ashley,1991,43657
Ashley,1992,38629
Ashley,1993,34984
Ashley,1994,30415
Ashley,1995,26718
Ashley,1996,23786
Ashley,1997,20991
Ashley,1998,19952
Ashley,1999,18213
Ashley,2000,18082
Ashley,2001,16605
Ashley,2002,15404
Ashley,2003,14597
Ashley,2004,14465
Ashley,2005,13344
Ashley,2006,12412
Ashley,2007,11483
Ashley,2008,9461
Ashley,2009,7852
Ashley,2010,6348
Ashley,2011,5440
Ashley,2012,4717
Ashley,2013,3980
Ashley,2014,3599
Ashley,2015,3453
Ashley,2016,3078
Ashley,2017,2560
Ashley,2018,2314
Ashley,2019,2054
Ashley,2020,1836
Ashley,2021,1731
Ashley,2022,1892
Ashley,2023,2210
Ashley,2024,2259
David,1880,869
David,1881,750
David,1882,838
David,1883,740
David,1884,761
David,1885,717
David,1886,674
David,1887,682
David,1888,801
David,1889,757
David,1890,731
David,1891,673
David,1892,818
David,1893,730
David,1894,729
David,1895,712
David,1896,772
David,1897,730
David,1898,820
David,1899,646
David,1900,892
David,1901,672
David,1902,761
David,1903,716
David,1904,817
David,1905,845
David,1906,886
David,1907,956
David,1908,1015
David,1909,1101
David,1910,1267
David,1911,1565
David,1912,2874
David,1913,3295
David,1914,4272
David,1915,5425
David,1916,5837
David,1917,6133
David,1918,6664
David,1919,6748
David,1920,7477
David,1921,7807
David,1922,7896
David,1923,8273
David,1924,8809
David,1925,8955
David,1926,9097
David,1927,9486
David,1928,10060
David,1929,11374
David,1930,12361
David,1931,11839
David,1932,12195
David,1933,12091
David,1934,14078
David,1935,15722
David,1936,17529
David,1937,21050
David,1938,23057
David,1939,25452
David,1940,27775
David,1941,30647
David,1942,36019
David,1943,37353
David,1944,37479
David,1945,37194
David,1946,46549
David,1947,57920
David,1948,56745
David,1949,59726
David,1950,60863
David,1951,64891
David,1952,71886
David,1953,76268
David,1954,79713
David,1955,86450
David,1956,81807
David,1957,82569
David,1958,82884
David,1959,84202
David,1960,86131
David,1961,85038
David,1962,81625
David,1963,78686
David,1964,75285
David,1965,68047
David,1966,66648
David,1967,67084
David,1968,63948
David,1969,63971
David,1970,62019
David,1971,53377
David,1972,46563
David,1973,41311
David,1974,42027
David,1975,39392
David,1976,39502
David,1977,40768
David,1978,40929
David,1979,42347
David,1980,42181
David,1981,40857
David,1982,40706
David,1983,39527
David,1984,38727
David,1985,38817
David,1986,37423
David,1987,37048
David,1988,35580
David,1989,35371
David,1990,33867
David,1991,30511
David,1992,28542
David,1993,27128
David,1994,24950
David,1995,23115
David,1996,23086
David,1997,21933
David,1998,20934
David,1999,20395
David,2000,19831
David,2001,19403
David,2002,18742
David,2003,18671
David,2004,18473
David,2005,18166
David,2006,17697
David,2007,17587
David,2008,16368
David,2009,15471
David,2010,14248
David,2011,13273
David,2012,12576
David,2013,12411
David,2014,12266
David,2015,11855
David,2016,11163
David,2017,10250
David,2018,9825
David,2019,8996
David,2020,8269
David,2021,7936
David,2022,7826
David,2023,7421
David,2024,7324
Emma,1880,2013
Emma,1881,2043
Emma,1882,2310
Emma,1883,2374
Emma,1884,2596
Emma,1885,2742
Emma,1886,2775
Emma,1887,2661
Emma,1888,3104
Emma,1889,2894
Emma,1890,2996
Emma,1891,2897
Emma,1892,3140
Emma,1893,2982
Emma,1894,2952
Emma,1895,2964
Emma,1896,2883
Emma,1897,2698
Emma,1898,2796
Emma,1899,2455
Emma,1900,3116
Emma,1901,2382
Emma,1902,2525
Emma,1903,2318
Emma,1904,2324
Emma,1905,2304
Emma,1906,2232
Emma,1907,2367
Emma,1908,2357
Emma,1909,2343
Emma,1910,2624
Emma,1911,2624
Emma,1912,3367
Emma,1913,3485
Emma,1914,3983
Emma,1915,5068
Emma,1916,5234
Emma,1917,5136
Emma,1918,5343
Emma,1919,5099
Emma,1920,5248
Emma,1921,5084
Emma,1922,5029
Emma,1923,4998
Emma,1924,4920
Emma,1925,4733
Emma,1926,4503
Emma,1927,4352
Emma,1928,4037
Emma,1929,3826
Emma,1930,3577
Emma,1931,3332
Emma,1932,3348
Emma,1933,3181
Emma,1934,2967
Emma,1935,2822
Emma,1936,2846
Emma,1937,2768
Emma,1938,2688
Emma,1939,2701
Emma,1940,2628
Emma,1941,2560
Emma,1942,2622
Emma,1943,2428
Emma,1944,2259
Emma,1945,2058
Emma,1946,2081
Emma,1947,2153
Emma,1948,2104
Emma,1949,2007
Emma,1950,1901
Emma,1951,1731
Emma,1952,1709
Emma,1953,1600
Emma,1954,1537
Emma,1955,1466
Emma,1956,1347
Emma,1957,1222
Emma,1958,1084
Emma,1959,1061
Emma,1960,978
Emma,1961,890
Emma,1962,806
Emma,1963,729
Emma,1964,769
Emma,1965,640
Emma,1966,619
Emma,1967,564
Emma,1968,498
Emma,1969,516
Emma,1970,529
Emma,1971,479
Emma,1972,453
Emma,1973,425
Emma,1974,491
Emma,1975,477
Emma,1976,415
Emma,1977,479
Emma,1978,443
Emma,1979,492
Emma,1980,531
Emma,1981,534
Emma,1982,567
Emma,1983,560
Emma,1984,685
Emma,1985,947
Emma,1986,1264
Emma,1987,1598
Emma,1988,1806
Emma,1989,1956
Emma,1990,2429
Emma,1991,2595
Emma,1992,3213
Emma,1993,4116
Emma,1994,4770
Emma,1995,5056
Emma,1996,6156
Emma,1997,7758
Emma,1998,10460
Emma,1999,11767
Emma,2000,12575
Emma,2001,13340
Emma,2002,16572
Emma,2003,22756
Emma,2004,21722
Emma,2005,20395
Emma,2006,19150
Emma,2007,18409
Emma,2008,18841
Emma,2009,17930
Emma,2010,17381
Emma,2011,18855
Emma,2012,20992
Emma,2013,20984
Emma,2014,20974
Emma,2015,20495
Emma,2016,19566
Emma,2017,19884
Emma,2018,18827
Emma,2019,17232
Emma,2020,15733
Emma,2021,15557
Emma,2022,14513
Emma,2023,13596
Emma,2024,13501
James,1880,5949
James,1881,5465
James,1882,5910
James,1883,5248
James,1884,5726
James,1885,5201
James,1886,5384
James,1887,4787
James,1888,5607
James,1889,5046
James,1890,5130
James,1891,4547
James,1892,5420
James,1893,5053
James,1894,5135
James,1895,5369
James,1896,5234
James,1897,5143
James,1898,5350
James,1899,4624
James,1900,7286
James,1901,4765
James,1902,5622
James,1903,5507
James,1904,5882
James,1905,6077
James,1906,5945
James,1907,6752
James,1908,7044
James,1909,7647
James,1910,9257
James,1911,10021
James,1912,17725
James,1913,20927
James,1914,26369
James,1915,33928
James,1916,35734
James,1917,37520
James,1918,42327
James,1919,42584
James,1920,48157
James,1921,49981
James,1922,50042
James,1923,50743
James,1924,53215
James,1925,53044
James,1926,53555
James,1927,54065
James,1928,53180
James,1929,52530
James,1930,54376
James,1931,51558
James,1932,52251
James,1933,51409
James,1934,54531
James,1935,55240
James,1936,54925
James,1937,56813
James,1938,59377
James,1939,59904
James,1940,62740
James,1941,67008
James,1942,77460
James,1943,80547
James,1944,77188
James,1945,74713
James,1946,87686
James,1947,95020
James,1948,88855
James,1949,87116
James,1950,86475
James,1951,87513
James,1952,87324
James,1953,86307
James,1954,86537
James,1955,84427
James,1956,85151
James,1957,84622
James,1958,79025
James,1959,78938
James,1960,77095
James,1961,76243
James,1962,72823
James,1963,71602
James,1964,73339
James,1965,67977
James,1966,65461
James,1967,61998
James,1968,60978
James,1969,60223
James,1970,62094
James,1971,54905
James,1972,47364
James,1973,43154
James,1974,41586
James,1975,39828
James,1976,38550
James,1977,40316
James,1978,40171
James,1979,39612
James,1980,39585
James,1981,38561
James,1982,39192
James,1983,36626
James,1984,36094
James,1985,36151
James,1986,34328
James,1987,32906
James,1988,32765
James,1989,32896
James,1990,32472
James,1991,30608
James,1992,28579
James,1993,26330
James,1994,24844
James,1995,22793
James,1996,21226
James,1997,20449
James,1998,19734
James,1999,18595
James,2000,18031
James,2001,17115
James,2002,16999
James,2003,16929
James,2004,16564
James,2005,16166
James,2006,16300
James,2007,16006
James,2008,15220
James,2009,14272
James,2010,13928
James,2011,13302
James,2012,13484
James,2013,13623
James,2014,14504
James,2015,14900
James,2016,14983
James,2017,14434
James,2018,13687
James,2019,13261
James,2020,12447
James,2021,12532
James,2022,12194
James,2023,11806
James,2024,11861
Jennifer,1919,6
Jennifer,1920,7
Jennifer,1921,5
Jennifer,1922,7
Jennifer,1923,9
Jennifer,1924,11
Jennifer,1925,9
Jennifer,1926,9
Jennifer,1927,5
Jennifer,1928,7
Jennifer,1929,17
Jennifer,1930,17
Jennifer,1931,26
Jennifer,1932,25
Jennifer,1933,30
Jennifer,1934,41
Jennifer,1935,36
Jennifer,1936,42
Jennifer,1937,38
Jennifer,1938,51
Jennifer,1939,62
Jennifer,1940,102
Jennifer,1941,136
Jennifer,1942,198
Jennifer,1943,337
Jennifer,1944,684
Jennifer,1945,985
Jennifer,1946,1739
Jennifer,1947,2010
Jennifer,1948,1882
Jennifer,1949,2618
Jennifer,1950,2810
Jennifer,1951,2983
Jennifer,1952,3532
Jennifer,1953,3383
Jennifer,1954,3976
Jennifer,1955,4123
Jennifer,1956,4718
Jennifer,1957,5497
Jennifer,1958,5894
Jennifer,1959,6242
Jennifer,1960,7255
Jennifer,1961,9297
Jennifer,1962,11001
Jennifer,1963,11784
Jennifer,1964,12990
Jennifer,1965,15240
Jennifer,1966,18267
Jennifer,1967,18305
Jennifer,1968,26917
Jennifer,1969,33802
Jennifer,1970,46269
Jennifer,1971,56965
Jennifer,1972,63792
Jennifer,1973,62667
Jennifer,1974,63291
Jennifer,1975,58412
Jennifer,1976,59672
Jennifer,1977,59143
Jennifer,1978,56521
Jennifer,1979,56921
Jennifer,1980,58589
Jennifer,1981,57240
Jennifer,1982,57301
Jennifer,1983,54551
Jennifer,1984,50767
Jennifer,1985,42821
Jennifer,1986,36352
Jennifer,1987,32821
Jennifer,1988,28007
Jennifer,1989,24150
Jennifer,1990,22323
Jennifer,1991,20739
Jennifer,1992,17877
Jennifer,1993,15798
Jennifer,1994,14045
Jennifer,1995,12738
Jennifer,1996,11764
Jennifer,1997,11877
Jennifer,1998,10718
Jennifer,1999,10643
Jennifer,2000,9422
Jennifer,2001,8947
Jennifer,2002,8567
Jennifer,2003,7586
Jennifer,2004,6568
Jennifer,2005,5852
Jennifer,2006,5285
Jennifer,2007,4660
Jennifer,2008,3812
Jennifer,2009,2992
Jennifer,2010,2628
Jennifer,2011,2286
Jennifer,2012,1932
Jennifer,2013,1692
Jennifer,2014,1527
Jennifer,2015,1286
Jennifer,2016,1168
Jennifer,2017,1052
Jennifer,2018,921
Jennifer,2019,788
Jennifer,2020,712
Jennifer,2021,638
Jennifer,2022,630
Jennifer,2023,584
Jennifer,2024,552
Jessica,1880,7
Jessica,1881,7
Jessica,1882,8
Jessica,1883,6
Jessica,1884,14
Jessica,1885,6
Jessica,1886,11
Jessica,1887,8
Jessica,1888,18
Jessica,1889,9
Jessica,1890,18
Jessica,1891,14
Jessica,1892,14
Jessica,1893,15
Jessica,1894,10
Jessica,1895,19
Jessica,1896,9
Jessica,1897,9
Jessica,1898,13
Jessica,1899,14
Jessica,1900,23
Jessica,1901,8
Jessica,1902,9
Jessica,1903,16
Jessica,1904,16
Jessica,1905,17
Jessica,1906,18
Jessica,1907,17
Jessica,1908,17
Jessica,1909,18
Jessica,1910,28
Jessica,1911,21
Jessica,1912,36
Jessica,1913,25
Jessica,1914,42
Jessica,1915,55
Jessica,1916,53
Jessica,1917,55
Jessica,1918,56
Jessica,1919,40
Jessica,1920,43
Jessica,1921,48
Jessica,1922,40
Jessica,1923,52
Jessica,1924,41
Jessica,1925,34
Jessica,1926,35
Jessica,1927,39
Jessica,1928,36
Jessica,1929,42
Jessica,1930,38
Jessica,1931,40
Jessica,1932,44
Jessica,1933,43
Jessica,1934,46
Jessica,1935,47
Jessica,1936,43
Jessica,1937,71
Jessica,1938,50
Jessica,1939,77
Jessica,1940,61
Jessica,1941,81
Jessica,1942,127
Jessica,1943,121
Jessica,1944,124
Jessica,1945,132
Jessica,1946,240
Jessica,1947,430
Jessica,1948,482
Jessica,1949,406
Jessica,1950,402
Jessica,1951,466
Jessica,1952,453
Jessica,1953,495
Jessica,1954,424
Jessica,1955,387
Jessica,1956,406
Jessica,1957,476
Jessica,1958,529
Jessica,1959,522
Jessica,1960,556
Jessica,1961,668
Jessica,1962,864
Jessica,1963,1125
Jessica,1964,1178
Jessica,1965,1540
Jessica,1966,1678
Jessica,1967,1772
Jessica,1968,1840
Jessica,1969,2505
Jessica,1970,4037
Jessica,1971,5379
Jessica,1972,6230
Jessica,1973,7248
Jessica,1974,10697
Jessica,1975,12979
Jessica,1976,18425
Jessica,1977,24937
Jessica,1978,26198
Jessica,1979,27896
Jessica,1980,34049
Jessica,1981,42697
Jessica,1982,45637
Jessica,1983,45478
Jessica,1984,46038
Jessica,1985,48578
Jessica,1986,52901
Jessica,1987,56239
Jessica,1988,51782
Jessica,1989,48139
Jessica,1990,46626
Jessica,1991,43515
Jessica,1992,38464
Jessica,1993,35093
Jessica,1994,32227
Jessica,1995,27990
Jessica,1996,24247
Jessica,1997,21090
Jessica,1998,18268
Jessica,1999,16378
Jessica,2000,15738
Jessica,2001,13952
Jessica,2002,11943
Jessica,2003,10471
Jessica,2004,9505
Jessica,2005,8134
Jessica,2006,6825
Jessica,2007,5727
Jessica,2008,4745
Jessica,2009,3811
Jessica,2010,3206
Jessica,2011,2634
Jessica,2012,2335
Jessica,2013,1951
Jessica,2014,1802
Jessica,2015,1591
Jessica,2016,1397
Jessica,2017,1291
Jessica,2018,1066
Jessica,2019,969
Jessica,2020,779
Jessica,2021,656
Jessica,2022,620
Jessica,2023,550
Jessica,2024,526
John,1880,9701
John,1881,8794
John,1882,9597
John,1883,8934
John,1884,9428
John,1885,8801
John,1886,9074
John,1887,8166
John,1888,9299
John,1889,8600
John,1890,8558
John,1891,7724
John,1892,9093
John,1893,8110
John,1894,8297
John,1895,8381
John,1896,8188
John,1897,7596
John,1898,8214
John,1899,7030
John,1900,9874
John,1901,6939
John,1902,7945
John,1903,7649
John,1904,8148
John,1905,8102
John,1906,8307
John,1907,9048
John,1908,9401
John,1909,9657
John,1910,11538
John,1911,13514
John,1912,24700
John,1913,29451
John,1914,38116
John,1915,47776
John,1916,50270
John,1917,52105
John,1918,56806
John,1919,53830
John,1920,57194
John,1921,58500
John,1922,57566
John,1923,57802
John,1924,59434
John,1925,57562
John,1926,56493
John,1927,56389
John,1928,54185
John,1929,52521
John,1930,52849
John,1931,48747
John,1932,48923
John,1933,46451
John,1934,46999
John,1935,47718
John,1936,47882
John,1937,48971
John,1938,50734
John,1939,51253
John,1940,54992
John,1941,57740
John,1942,66282
John,1943,69157
John,1944,66791
John,1945,66315
John,1946,79474
John,1947,88524
John,1948,83024
John,1949,81379
John,1950,79592
John,1951,81772
John,1952,83335
John,1953,80331
John,1954,81361
John,1955,80307
John,1956,81030
John,1957,79257
John,1958,76254
John,1959,76674
John,1960,76328
John,1961,80248
John,1962,78706
John,1963,78876
John,1964,82783
John,1965,71751
John,1966,65299
John,1967,61892
John,1968,61209
John,1969,59025
John,1970,58786
John,1971,51780
John,1972,43386
John,1973,39398
John,1974,37872
John,1975,35306
John,1976,34189
John,1977,34417
John,1978,34240
John,1979,35655
John,1980,35528
John,1981,35067
John,1982,34941
John,1983,33424
John,1984,32849
John,1985,31732
John,1986,30428
John,1987,29750
John,1988,29590
John,1989,29987
John,1990,29171
John,1991,27872
John,1992,26311
John,1993,25064
John,1994,24234
John,1995,23289
John,1996,22223
John,1997,21415
John,1998,20658
John,1999,20404
John,2000,20140
John,2001,18935
John,2002,17497
John,2003,17279
John,2004,16538
John,2005,15828
John,2006,15211
John,2007,14462
John,2008,13357
John,2009,12144
John,2010,11577
John,2011,11086
John,2012,10646
John,2013,10752
John,2014,10713
John,2015,10432
John,2016,10067
John,2017,9540
John,2018,9212
John,2019,8871
John,2020,8271
John,2021,8191
John,2022,8000
John,2023,7798
John,2024,8055
Liam,1947,5
Liam,1950,10
Liam,1954,8
Liam,1955,12
Liam,1956,18
Liam,1957,28
Liam,1958,24
Liam,1959,17
Liam,1960,24
Liam,1961,27
Liam,1962,24
Liam,1963,43
Liam,1964,38
Liam,1965,36
Liam,1966,47
Liam,1967,60
Liam,1968,55
Liam,1969,47
Liam,1970,49
Liam,1971,59
Liam,1972,63
Liam,1973,61
Liam,1974,72
Liam,1975,81
Liam,1976,71
Liam,1977,97
Liam,1978,112
Liam,1979,119
Liam,1980,115
Liam,1981,123
Liam,1982,157
Liam,1983,146
Liam,1984,146
Liam,1985,150
Liam,1986,152
Liam,1987,147
Liam,1988,172
Liam,1989,224
Liam,1990,277
Liam,1991,270
Liam,1992,305
Liam,1993,400
Liam,1994,668
Liam,1995,1213
Liam,1996,1748
Liam,1997,2112
Liam,1998,2209
Liam,1999,2717
Liam,2000,2793
Liam,2001,3029
Liam,2002,3382
Liam,2003,3582
Liam,2004,3842
Liam,2005,4161
Liam,2006,4525
Liam,2007,5152
Liam,2008,5991
Liam,2009,8588
Liam,2010,10954
Liam,2011,13462
Liam,2012,16846
Liam,2013,18175
Liam,2014,18516
Liam,2015,18428
Liam,2016,18291
Liam,2017,18903
Liam,2018,19998
Liam,2019,20652
Liam,2020,19891
Liam,2021,20437
Liam,2022,20589
Liam,2023,20916
Liam,2024,22198
Linda,1880,27
Linda,1881,38
Linda,1882,36
Linda,1883,49
Linda,1884,33
Linda,1885,60
Linda,1886,49
Linda,1887,50
Linda,1888,77
Linda,1889,74
Linda,1890,54
Linda,1891,78
Linda,1892,83
Linda,1893,82
Linda,1894,94
Linda,1895,96
Linda,1896,104
Linda,1897,81
Linda,1898,102
Linda,1899,98
Linda,1900,125
Linda,1901,86
Linda,1902,91
Linda,1903,90
Linda,1904,101
Linda,1905,105
Linda,1906,98
Linda,1907,102
Linda,1908,93
Linda,1909,105
Linda,1910,137
Linda,1911,130
Linda,1912,189
Linda,1913,238
Linda,1914,219
Linda,1915,290
Linda,1916,297
Linda,1917,291
Linda,1918,322
Linda,1919,282
Linda,1920,348
Linda,1921,367
Linda,1922,365
Linda,1923,423
Linda,1924,454
Linda,1925,444
Linda,1926,480
Linda,1927,516
Linda,1928,555
Linda,1929,516
Linda,1930,492
Linda,1931,535
Linda,1932,779
Linda,1933,791
Linda,1934,1000
Linda,1935,1207
Linda,1936,2449
Linda,1937,4397
Linda,1938,7075
Linda,1939,10757
Linda,1940,18428
Linda,1941,23801
Linda,1942,31735
Linda,1943,38576
Linda,1944,38529
Linda,1945,41576
Linda,1946,52825
Linda,1947,99909
Linda,1948,96423
Linda,1949,91185
Linda,1950,80561
Linda,1951,74107
Linda,1952,67218
Linda,1953,61395
Linda,1954,55487
Linda,1955,51404
Linda,1956,48192
Linda,1957,44635
Linda,1958,42000
Linda,1959,40533
Linda,1960,37411
Linda,1961,35678
Linda,1962,31548
Linda,1963,27808
Linda,1964,23725
Linda,1965,19406
Linda,1966,15617
Linda,1967,13229
Linda,1968,11412
Linda,1969,10295
Linda,1970,8768
Linda,1971,7403
Linda,1972,5776
Linda,1973,4751
Linda,1974,4098
Linda,1975,3542
Linda,1976,3150
Linda,1977,2934
Linda,1978,2945
Linda,1979,2756
Linda,1980,2824
Linda,1981,2744
Linda,1982,2810
Linda,1983,2500
Linda,1984,2348
Linda,1985,2127
Linda,1986,1971
Linda,1987,1946
Linda,1988,1854
Linda,1989,1862
Linda,1990,1672
Linda,1991,1618
Linda,1992,1594
Linda,1993,1495
Linda,1994,1295
Linda,1995,1234
Linda,1996,987
Linda,1997,1099
Linda,1998,972
Linda,1999,900
Linda,2000,851
Linda,2001,839
Linda,2002,773
Linda,2003,741
Linda,2004,731
Linda,2005,754
Linda,2006,700
Linda,2007,662
Linda,2008,614
Linda,2009,553
Linda,2010,480
Linda,2011,490
Linda,2012,450
Linda,2013,447
Linda,2014,475
Linda,2015,429
Linda,2016,443
Linda,2017,409
Linda,2018,398
Linda,2019,362
Linda,2020,334
Linda,2021,327
Linda,2022,352
Linda,2023,324
Linda,2024,321
Mary,1880,7092
Mary,1881,6948
Mary,1882,8178
Mary,1883,8044
Mary,1884,9253
Mary,1885,9166
Mary,1886,9921
Mary,1887,9935
Mary,1888,11804
Mary,1889,11689
Mary,1890,12113
Mary,1891,11743
Mary,1892,13222
Mary,1893,12839
Mary,1894,13199
Mary,1895,13494
Mary,1896,13868
Mary,1897,13476
Mary,1898,14456
Mary,1899,13222
Mary,1900,16780
Mary,1901,13194
Mary,1902,14542
Mary,1903,14338
Mary,1904,15019
Mary,1905,16135
Mary,1906,16446
Mary,1907,17650
Mary,1908,18744
Mary,1909,19339
Mary,1910,22947
Mary,1911,24488
Mary,1912,32422
Mary,1913,36768
Mary,1914,45473
Mary,1915,58346
Mary,1916,61602
Mary,1917,64439
Mary,1918,67534
Mary,1919,65990
Mary,1920,71178
Mary,1921,74171
Mary,1922,72362
Mary,1923,71838
Mary,1924,73758
Mary,1925,70846
Mary,1926,68105
Mary,1927,70925
Mary,1928,67166
Mary,1929,63838
Mary,1930,64493
Mary,1931,60624
Mary,1932,60211
Mary,1933,55835
Mary,1934,57233
Mary,1935,55351
Mary,1936,54666
Mary,1937,55931
Mary,1938,56509
Mary,1939,55172
Mary,1940,56517
Mary,1941,58364
Mary,1942,63533
Mary,1943,66430
Mary,1944,62725
Mary,1945,59479
Mary,1946,67653
Mary,1947,71873
Mary,1948,68762
Mary,1949,67038
Mary,1950,65601
Mary,1951,65883
Mary,1952,65786
Mary,1953,64536
Mary,1954,68187
Mary,1955,63321
Mary,1956,61888
Mary,1957,61285
Mary,1958,55987
Mary,1959,54673
Mary,1960,51636
Mary,1961,47856
Mary,1962,43656
Mary,1963,41680
Mary,1964,41121
Mary,1965,34407
Mary,1966,28997
Mary,1967,25445
Mary,1968,21826
Mary,1969,19959
Mary,1970,19302
Mary,1971,16788
Mary,1972,13830
Mary,1973,12367
Mary,1974,11800
Mary,1975,11038
Mary,1976,10381
Mary,1977,10706
Mary,1978,10101
Mary,1979,10621
Mary,1980,11527
Mary,1981,11110
Mary,1982,10924
Mary,1983,9953
Mary,1984,9350
Mary,1985,9306
Mary,1986,8554
Mary,1987,8464
Mary,1988,8565
Mary,1989,8719
Mary,1990,8714
Mary,1991,8796
Mary,1992,8488
Mary,1993,8140
Mary,1994,7766
Mary,1995,7471
Mary,1996,6983
Mary,1997,6663
Mary,1998,6490
Mary,1999,6399
Mary,2000,6231
Mary,2001,5773
Mary,2002,5497
Mary,2003,5051
Mary,2004,4866
Mary,2005,4487
Mary,2006,4119
Mary,2007,3703
Mary,2008,3513
Mary,2009,3176
Mary,2010,2886
Mary,2011,2714
Mary,2012,2590
Mary,2013,2668
Mary,2014,2641
Mary,2015,2642
Mary,2016,2526
Mary,2017,2424
Mary,2018,2369
Mary,2019,2239
Mary,2020,2234
Mary,2021,2100
Mary,2022,2116
Mary,2023,2081
Mary,2024,2196
Michael,1880,354
Michael,1881,298
Michael,1882,321
Michael,1883,307
Michael,1884,373
Michael,1885,370
Michael,1886,348
Michael,1887,344
Michael,1888,466
Michael,1889,377
Michael,1890,394
Michael,1891,333
Michael,1892,380
Michael,1893,407
Michael,1894,423
Michael,1895,413
Michael,1896,399
Michael,1897,375
Michael,1898,434
Michael,1899,375
Michael,1900,495
Michael,1901,384
Michael,1902,460
Michael,1903,466
Michael,1904,462
Michael,1905,513
Michael,1906,536
Michael,1907,586
Michael,1908,688
Michael,1909,642
Michael,1910,853
Michael,1911,1166
Michael,1912,2112
Michael,1913,2619
Michael,1914,3378
Michael,1915,4093
Michael,1916,4228
Michael,1917,4300
Michael,1918,4326
Michael,1919,3934
Michael,1920,4025
Michael,1921,4222
Michael,1922,4021
Michael,1923,3944
Michael,1924,3910
Michael,1925,3795
Michael,1926,3517
Michael,1927,3634
Michael,1928,3631
Michael,1929,3498
Michael,1930,3578
Michael,1931,3513
Michael,1932,3627
Michael,1933,3575
Michael,1934,4128
Michael,1935,4938
Michael,1936,5840
Michael,1937,7141
Michael,1938,9134
Michael,1939,10910
Michael,1940,13308
Michael,1941,16032
Michael,1942,21884
Michael,1943,24933
Michael,1944,26885
Michael,1945,30060
Michael,1946,41361
Michael,1947,50678
Michael,1948,52736
Michael,1949,60234
Michael,1950,65317
Michael,1951,72977
Michael,1952,79229
Michael,1953,84434
Michael,1954,88781
Michael,1955,88602
Michael,1956,90929
Michael,1957,93041
Michael,1958,90893
Michael,1959,85576
Michael,1960,84455
Michael,1961,87293
Michael,1962,85411
Michael,1963,84134
Michael,1964,82922
Michael,1965,81357
Michael,1966,80330
Michael,1967,82785
Michael,1968,82445
Michael,1969,85617
Michael,1970,85728
Michael,1971,78044
Michael,1972,71843
Michael,1973,68259
Michael,1974,68060
Michael,1975,68979
Michael,1976,67432
Michael,1977,68148
Michael,1978,67678
Michael,1979,68272
Michael,1980,69233
Michael,1981,69246
Michael,1982,68804
Michael,1983,68574
Michael,1984,68249
Michael,1985,65467
Michael,1986,64826
Michael,1987,64207
Michael,1988,64648
Michael,1989,65772
Michael,1990,65595
Michael,1991,61074
Michael,1992,54667
Michael,1993,49791
Michael,1994,44667
Michael,1995,41577
Michael,1996,38530
Michael,1997,37699
Michael,1998,36747
Michael,1999,34038
Michael,2000,32157
Michael,2001,29785
Michael,2002,28353
Michael,2003,27223
Michael,2004,25618
Michael,2005,23888
Michael,2006,22715
Michael,2007,22075
Michael,2008,20706
Michael,2009,19005
Michael,2010,17418
Michael,2011,16858
Michael,2012,16236
Michael,2013,15579
Michael,2014,15531
Michael,2015,14533
Michael,2016,14173
Michael,2017,12757
Michael,2018,11770
Michael,2019,10647
Michael,2020,9848
Michael,2021,9163
Michael,2022,8907
Michael,2023,8436
Michael,2024,8204
Noah,1880,103
Noah,1881,81
Noah,1882,108
Noah,1883,81
Noah,1884,94
Noah,1885,76
Noah,1886,90
Noah,1887,94
Noah,1888,83
Noah,1889,85
Noah,1890,74
Noah,1891,76
Noah,1892,79
Noah,1893,69
Noah,1894,74
Noah,1895,72
Noah,1896,69
Noah,1897,58
Noah,1898,68
Noah,1899,47
Noah,1900,92
Noah,1901,56
Noah,1902,69
Noah,1903,48
Noah,1904,46
Noah,1905,60
Noah,1906,60
Noah,1907,61
Noah,1908,68
Noah,1909,62
Noah,1910,87
Noah,1911,82
Noah,1912,116
Noah,1913,141
Noah,1914,171
Noah,1915,189
Noah,1916,229
Noah,1917,219
Noah,1918,247
Noah,1919,253
Noah,1920,242
Noah,1921,247
Noah,1922,236
Noah,1923,259
Noah,1924,239
Noah,1925,219
Noah,1926,235
Noah,1927,236
Noah,1928,174
Noah,1929,197
Noah,1930,191
Noah,1931,186
Noah,1932,182
Noah,1933,173
Noah,1934,148
Noah,1935,175
Noah,1936,147
Noah,1937,143
Noah,1938,145
Noah,1939,122
Noah,1940,150
Noah,1941,161
Noah,1942,182
Noah,1943,155
Noah,1944,157
Noah,1945,133
Noah,1946,130
Noah,1947,156
Noah,1948,150
Noah,1949,149
Noah,1950,153
Noah,1951,154
Noah,1952,143
Noah,1953,161
Noah,1954,131
Noah,1955,133
Noah,1956,138
Noah,1957,153
Noah,1958,137
Noah,1959,153
Noah,1960,139
Noah,1961,131
Noah,1962,140
Noah,1963,124
Noah,1964,138
Noah,1965,120
Noah,1966,157
Noah,1967,154
Noah,1968,174
Noah,1969,247
Noah,1970,347
Noah,1971,478
Noah,1972,422
Noah,1973,492
Noah,1974,548
Noah,1975,585
Noah,1976,543
Noah,1977,690
Noah,1978,698
Noah,1979,923
Noah,1980,933
Noah,1981,1413
Noah,1982,1831
Noah,1983,1560
Noah,1984,1254
Noah,1985,1109
Noah,1986,1051
Noah,1987,1004
Noah,1988,1077
Noah,1989,1255
Noah,1990,1320
Noah,1991,1328
Noah,1992,1438
Noah,1993,1520
Noah,1994,2097
Noah,1995,3844
Noah,1996,7227
Noah,1997,9342
Noah,1998,13471
Noah,1999,14987
Noah,2000,14346
Noah,2001,13529
Noah,2002,12118
Noah,2003,11906
Noah,2004,11998
Noah,2005,13961
Noah,2006,16393
Noah,2007,16695
Noah,2008,15859
Noah,2009,17331
Noah,2010,16558
Noah,2011,16960
Noah,2012,17456
Noah,2013,18367
Noah,2014,19445
Noah,2015,19815
Noah,2016,19321
Noah,2017,18678
Noah,2018,18604
Noah,2019,19391
Noah,2020,18759
Noah,2021,19324
Noah,2022,19214
Noah,2023,19545
Noah,2024,20876
Olivia,1880,44
Olivia,1881,51
Olivia,1882,52
Olivia,1883,46
Olivia,1884,54
Olivia,1885,59
Olivia,1886,72
Olivia,1887,69
Olivia,1888,71
Olivia,1889,100
Olivia,1890,85
Olivia,1891,66
Olivia,1892,101
Olivia,1893,107
Olivia,1894,127
Olivia,1895,117
Olivia,1896,114
Olivia,1897,131
Olivia,1898,141
Olivia,1899,110
Olivia,1900,167
Olivia,1901,126
Olivia,1902,130
Olivia,1903,130
Olivia,1904,157
Olivia,1905,153
Olivia,1906,181
Olivia,1907,171
Olivia,1908,181
Olivia,1909,179
Olivia,1910,211
Olivia,1911,191
Olivia,1912,285
Olivia,1913,287
Olivia,1914,340
Olivia,1915,372
Olivia,1916,446
Olivia,1917,476
Olivia,1918,466
Olivia,1919,471
Olivia,1920,523
Olivia,1921,502
Olivia,1922,536
Olivia,1923,535
Olivia,1924,507
Olivia,1925,532
Olivia,1926,466
Olivia,1927,499
Olivia,1928,442
Olivia,1929,465
Olivia,1930,410
Olivia,1931,387
Olivia,1932,399
Olivia,1933,375
Olivia,1934,359
Olivia,1935,371
Olivia,1936,381
Olivia,1937,398
Olivia,1938,445
Olivia,1939,428
Olivia,1940,540
Olivia,1941,593
Olivia,1942,748
Olivia,1943,694
Olivia,1944,735
Olivia,1945,621
Olivia,1946,728
Olivia,1947,857
Olivia,1948,848
Olivia,1949,854
Olivia,1950,769
Olivia,1951,665
Olivia,1952,694
Olivia,1953,620
Olivia,1954,645
Olivia,1955,604
Olivia,1956,542
Olivia,1957,521
Olivia,1958,557
Olivia,1959,489
Olivia,1960,484
Olivia,1961,435
Olivia,1962,428
Olivia,1963,448
Olivia,1964,425
Olivia,1965,442
Olivia,1966,334
Olivia,1967,347
Olivia,1968,324
Olivia,1969,348
Olivia,1970,349
Olivia,1971,335
Olivia,1972,345
Olivia,1973,360
Olivia,1974,512
Olivia,1975,1058
Olivia,1976,1239
Olivia,1977,1112
Olivia,1978,1317
Olivia,1979,1260
Olivia,1980,1121
Olivia,1981,1031
Olivia,1982,1127
Olivia,1983,1089
Olivia,1984,1173
Olivia,1985,1025
Olivia,1986,1241
Olivia,1987,1711
Olivia,1988,2150
Olivia,1989,2469
Olivia,1990,4643
Olivia,1991,5611
Olivia,1992,5825
Olivia,1993,6350
Olivia,1994,6442
Olivia,1995,7638
Olivia,1996,8137
Olivia,1997,9491
Olivia,1998,10626
Olivia,1999,11275
Olivia,2000,12861
Olivia,2001,13988
Olivia,2002,14647
Olivia,2003,16176
Olivia,2004,16181
Olivia,2005,15722
Olivia,2006,15524
Olivia,2007,16605
Olivia,2008,17118
Olivia,2009,17461
Olivia,2010,17065
Olivia,2011,17351
Olivia,2012,17350
Olivia,2013,18477
Olivia,2014,19859
Olivia,2015,19735
Olivia,2016,19425
Olivia,2017,18789
Olivia,2018,18064
Olivia,2019,18581
Olivia,2020,17695
Olivia,2021,17850
Olivia,2022,16670
Olivia,2023,15319
Olivia,2024,14734
Robert,1880,2427
Robert,1881,2149
Robert,1882,2512
Robert,1883,2345
Robert,1884,2475
Robert,1885,2333
Robert,1886,2459
Robert,1887,2133
Robert,1888,2833
Robert,1889,2527
Robert,1890,2553
Robert,1891,2249
Robert,1892,2727
Robert,1893,2580
Robert,1894,2518
Robert,1895,2655
Robert,1896,2747
Robert,1897,2719
Robert,1898,2944
Robert,1899,2627
Robert,1900,3845
Robert,1901,2559
Robert,1902,3201
Robert,1903,3057
Robert,1904,3427
Robert,1905,3431
Robert,1906,3651
Robert,1907,4042
Robert,1908,4245
Robert,1909,4588
Robert,1910,5638
Robert,1911,6565
Robert,1912,12900
Robert,1913,15756
Robert,1914,21268
Robert,1915,28853
Robert,1916,31863
Robert,1917,35388
Robert,1918,40797
Robert,1919,41209
Robert,1920,48884
Robert,1921,53023
Robert,1922,54033
Robert,1923,56363
Robert,1924,61098
Robert,1925,61246
Robert,1926,61499
Robert,1927,62085
Robert,1928,61135
Robert,1929,60249
Robert,1930,62578
Robert,1931,60863
Robert,1932,59594
Robert,1933,54492
Robert,1934,56109
Robert,1935,56756
Robert,1936,58722
Robert,1937,62065
Robert,1938,62489
Robert,1939,59867
Robert,1940,61400
Robert,1941,64443
Robert,1942,72049
Robert,1943,75140
Robert,1944,71049
Robert,1945,70143
Robert,1946,84352
Robert,1947,91891
Robert,1948,85684
Robert,1949,84078
Robert,1950,83754
Robert,1951,86565
Robert,1952,86781
Robert,1953,86473
Robert,1954,86525
Robert,1955,83987
Robert,1956,84126
Robert,1957,82031
Robert,1958,77571
Robert,1959,74778
Robert,1960,72613
Robert,1961,73252
Robert,1962,70430
Robert,1963,70252
Robert,1964,70262
Robert,1965,63367
Robert,1966,59560
Robert,1967,56625
Robert,1968,58451
Robert,1969,58638
Robert,1970,57506
Robert,1971,50933
Robert,1972,43303
Robert,1973,38947
Robert,1974,37250
Robert,1975,35553
Robert,1976,34027
Robert,1977,34455
Robert,1978,33633
Robert,1979,34270
Robert,1980,34523
Robert,1981,34625
Robert,1982,34647
Robert,1983,32999
Robert,1984,32002
Robert,1985,32333
Robert,1986,31592
Robert,1987,30459
Robert,1988,30499
Robert,1989,30199
Robert,1990,28994
Robert,1991,26913
Robert,1992,24155
Robert,1993,22517
Robert,1994,20611
Robert,1995,18630
Robert,1996,17713
Robert,1997,16339
Robert,1998,15555
Robert,1999,14564
Robert,2000,13762
Robert,2001,12686
Robert,2002,12045
Robert,2003,11415
Robert,2004,10716
Robert,2005,10183
Robert,2006,9922
Robert,2007,9397
Robert,2008,8847
Robert,2009,7849
Robert,2010,7576
Robert,2011,6993
Robert,2012,6970
Robert,2013,6729
Robert,2014,6668
Robert,2015,6140
Robert,2016,6005
Robert,2017,5566
Robert,2018,5191
Robert,2019,4857
Robert,2020,4401
Robert,2021,4430
Robert,2022,4084
Robert,2023,3829
Robert,2024,3785
Susan,1880,286
Susan,1881,292
Susan,1882,326
Susan,1883,322
Susan,1884,326
Susan,1885,302
Susan,1886,323
Susan,1887,335
Susan,1888,363
Susan,1889,356
Susan,1890,354
Susan,1891,370
Susan,1892,366
Susan,1893,356
Susan,1894,357
Susan,1895,393
Susan,1896,343
Susan,1897,346
Susan,1898,382
Susan,1899,350
Susan,1900,410
Susan,1901,342
Susan,1902,335
Susan,1903,305
Susan,1904,324
Susan,1905,320
Susan,1906,326
Susan,1907,355
Susan,1908,350
Susan,1909,380
Susan,1910,395
Susan,1911,459
Susan,1912,522
Susan,1913,543
Susan,1914,661
Susan,1915,822
Susan,1916,844
Susan,1917,837
Susan,1918,912
Susan,1919,824
Susan,1920,850
Susan,1921,846
Susan,1922,795
Susan,1923,811
Susan,1924,832
Susan,1925,862
Susan,1926,858
Susan,1927,874
Susan,1928,812
Susan,1929,874
Susan,1930,1003
Susan,1931,1005
Susan,1932,1236
Susan,1933,1269
Susan,1934,1501
Susan,1935,1806
Susan,1936,2165
Susan,1937,2651
Susan,1938,3571
Susan,1939,4907
Susan,1940,6783
Susan,1941,8927
Susan,1942,12069
Susan,1943,14938
Susan,1944,16385
Susan,1945,19276
Susan,1946,28327
Susan,1947,32015
Susan,1948,36044
Susan,1949,37761
Susan,1950,38074
Susan,1951,40272
Susan,1952,41403
Susan,1953,44368
Susan,1954,47228
Susan,1955,47484
Susan,1956,46629
Susan,1957,46049
Susan,1958,45259
Susan,1959,41703
Susan,1960,39289
Susan,1961,37617
Susan,1962,35836
Susan,1963,34070
Susan,1964,31599
Susan,1965,26375
Susan,1966,23842
Susan,1967,22326
Susan,1968,19561
Susan,1969,17855
Susan,1970,15791
Susan,1971,13828
Susan,1972,10618
Susan,1973,9310
Susan,1974,8507
Susan,1975,7519
Susan,1976,6422
Susan,1977,5979
Susan,1978,5439
Susan,1979,5219
Susan,1980,4723
Susan,1981,4259
Susan,1982,3986
Susan,1983,3371
Susan,1984,3131
Susan,1985,2679
Susan,1986,2406
Susan,1987,2258
Susan,1988,2076
Susan,1989,1815
Susan,1990,1700
Susan,1991,1479
Susan,1992,1380
Susan,1993,1208
Susan,1994,1025
Susan,1995,894
Susan,1996,963
Susan,1997,807
Susan,1998,758
Susan,1999,707
Susan,2000,693
Susan,2001,638
Susan,2002,615
Susan,2003,576
Susan,2004,538
Susan,2005,487
Susan,2006,495
Susan,2007,467
Susan,2008,431
Susan,2009,379
Susan,2010,356
Susan,2011,356
Susan,2012,328
Susan,2013,319
Susan,2014,332
Susan,2015,300
Susan,2016,306
Susan,2017,281
Susan,2018,235
Susan,2019,244
Susan,2020,262
Susan,2021,226
Susan,2022,211
Susan,2023,223
Susan,2024,213
William,1880,9562
William,1881,8554
William,1882,9329
William,1883,8427
William,1884,8931
William,1885,8077
William,1886,8287
William,1887,7514
William,1888,8747
William,1889,7818
William,1890,7528
William,1891,6813
William,1892,7826
William,1893,7255
William,1894,7308
William,1895,7317
William,1896,7791
William,1897,7230
William,1898,7441
William,1899,6109
William,1900,8623
William,1901,6022
William,1902,6642
William,1903,6346
William,1904,6441
William,1905,6523
William,1906,6594
William,1907,6933
William,1908,7574
William,1909,7948
William,1910,8881
William,1911,10643
William,1912,19704
William,1913,23632
William,1914,29850
William,1915,38692
William,1916,40554
William,1917,42587
William,1918,45463
William,1919,44145
William,1920,50350
William,1921,52051
William,1922,51306
William,1923,52361
William,1924,53751
William,1925,53598
William,1926,52225
William,1927,51797
William,1928,49467
William,1929,48151
William,1930,47560
William,1931,43518
William,1932,42362
William,1933,39242
William,1934,40351
William,1935,40363
William,1936,39552
William,1937,40888
William,1938,42570
William,1939,42225
William,1940,44933
William,1941,47937
William,1942,55061
William,1943,56072
William,1944,52509
William,1945,50360
William,1946,60187
William,1947,67155
William,1948,62127
William,1949,61635
William,1950,60804
William,1951,62891
William,1952,63184
William,1953,61961
William,1954,61558
William,1955,60101
William,1956,59144
William,1957,57018
William,1958,54414
William,1959,51540
William,1960,49509
William,1961,48239
William,1962,45034
William,1963,44625
William,1964,44379
William,1965,40268
William,1966,38420
William,1967,37804
William,1968,37120
William,1969,37807
William,1970,39094
William,1971,35617
William,1972,30705
William,1973,28178
William,1974,27146
William,1975,25725
William,1976,24633
William,1977,24944
William,1978,24360
William,1979,24871
William,1980,25854
William,1981,24972
William,1982,25784
William,1983,25583
William,1984,25060
William,1985,24791
William,1986,24498
William,1987,24372
William,1988,24288
William,1989,24768
William,1990,24970
William,1991,23914
William,1992,23126
William,1993,22261
William,1994,21536
William,1995,20206
William,1996,20585
William,1997,20046
William,1998,20871
William,1999,20742
William,2000,20707
William,2001,20134
William,2002,20170
William,2003,20031
William,2004,20346
William,2005,19088
William,2006,18981
William,2007,18920
William,2008,18431
William,2009,17950
William,2010,17094
William,2011,17387
William,2012,16933
William,2013,16679
William,2014,16870
William,2015,15960
William,2016,15828
William,2017,15060
William,2018,14657
William,2019,13661
William,2020,12687
William,2021,12187
William,2022,11356
William,2023,10659
William,2024,10605
